--------------------------------------------------------
--  File created - Friday-January-13-2023   
--------------------------------------------------------
--------------------------------------------------------
--  DDL for Table AREA
--------------------------------------------------------

  CREATE TABLE "BIONIC"."AREA" 
   (	"AREA" VARCHAR2(200 BYTE), 
	"POSTCODE" NUMBER(*,0)
   ) SEGMENT CREATION IMMEDIATE 
  PCTFREE 10 PCTUSED 40 INITRANS 1 MAXTRANS 255 
 NOCOMPRESS LOGGING
  STORAGE(INITIAL 65536 NEXT 1048576 MINEXTENTS 1 MAXEXTENTS 2147483645
  PCTINCREASE 0 FREELISTS 1 FREELIST GROUPS 1
  BUFFER_POOL DEFAULT FLASH_CACHE DEFAULT CELL_FLASH_CACHE DEFAULT)
  TABLESPACE "USERS" ;
--------------------------------------------------------
--  DDL for Table CUSTOMER
--------------------------------------------------------

  CREATE TABLE "BIONIC"."CUSTOMER" 
   (	"CUSTOMER_ID" VARCHAR2(10 BYTE), 
	"FIRST_NAME" VARCHAR2(50 BYTE), 
	"LAST_NAME" VARCHAR2(50 BYTE), 
	"IC" VARCHAR2(15 BYTE), 
	"PHONE_NUMBER" VARCHAR2(15 BYTE), 
	"STREET_NO" VARCHAR2(10 BYTE), 
	"STREET_NAME" VARCHAR2(50 BYTE), 
	"AREA" VARCHAR2(200 BYTE)
   ) SEGMENT CREATION IMMEDIATE 
  PCTFREE 10 PCTUSED 40 INITRANS 1 MAXTRANS 255 
 NOCOMPRESS LOGGING
  STORAGE(INITIAL 65536 NEXT 1048576 MINEXTENTS 1 MAXEXTENTS 2147483645
  PCTINCREASE 0 FREELISTS 1 FREELIST GROUPS 1
  BUFFER_POOL DEFAULT FLASH_CACHE DEFAULT CELL_FLASH_CACHE DEFAULT)
  TABLESPACE "USERS" ;
--------------------------------------------------------
--  DDL for Table CUSTOMER_ORDER
--------------------------------------------------------

  CREATE TABLE "BIONIC"."CUSTOMER_ORDER" 
   (	"CUSTOMER_ORDER_ID" VARCHAR2(10 BYTE), 
	"QUANTITY" NUMBER(*,0), 
	"SPECIAL_REQUEST" VARCHAR2(255 BYTE), 
	"CUSTOMER_ID" VARCHAR2(10 BYTE)
   ) SEGMENT CREATION IMMEDIATE 
  PCTFREE 10 PCTUSED 40 INITRANS 1 MAXTRANS 255 
 NOCOMPRESS LOGGING
  STORAGE(INITIAL 65536 NEXT 1048576 MINEXTENTS 1 MAXEXTENTS 2147483645
  PCTINCREASE 0 FREELISTS 1 FREELIST GROUPS 1
  BUFFER_POOL DEFAULT FLASH_CACHE DEFAULT CELL_FLASH_CACHE DEFAULT)
  TABLESPACE "USERS" ;
--------------------------------------------------------
--  DDL for Table CUSTOMER_ORDER_PRODUCT
--------------------------------------------------------

  CREATE TABLE "BIONIC"."CUSTOMER_ORDER_PRODUCT" 
   (	"CUSTOMER_ORDER_ID" VARCHAR2(10 BYTE), 
	"PRODUCT_ID" VARCHAR2(10 BYTE)
   ) SEGMENT CREATION IMMEDIATE 
  PCTFREE 10 PCTUSED 40 INITRANS 1 MAXTRANS 255 
 NOCOMPRESS LOGGING
  STORAGE(INITIAL 65536 NEXT 1048576 MINEXTENTS 1 MAXEXTENTS 2147483645
  PCTINCREASE 0 FREELISTS 1 FREELIST GROUPS 1
  BUFFER_POOL DEFAULT FLASH_CACHE DEFAULT CELL_FLASH_CACHE DEFAULT)
  TABLESPACE "USERS" ;
--------------------------------------------------------
--  DDL for Table CUSTOMER_PAYMENT
--------------------------------------------------------

  CREATE TABLE "BIONIC"."CUSTOMER_PAYMENT" 
   (	"CUSTOMER_PAYMENT_ID" VARCHAR2(10 BYTE), 
	"TOTAL_PAYMENT" FLOAT(126), 
	"PAYMENT_METHOD" VARCHAR2(20 BYTE), 
	"STATUS" NUMBER(1,0), 
	"CUSTOMER_ID" VARCHAR2(10 BYTE), 
	"WORKER_ID" VARCHAR2(10 BYTE), 
	"SERVICE_ID" VARCHAR2(10 BYTE), 
	"CUSTOMER_ORDER_ID" VARCHAR2(10 BYTE)
   ) SEGMENT CREATION IMMEDIATE 
  PCTFREE 10 PCTUSED 40 INITRANS 1 MAXTRANS 255 
 NOCOMPRESS LOGGING
  STORAGE(INITIAL 65536 NEXT 1048576 MINEXTENTS 1 MAXEXTENTS 2147483645
  PCTINCREASE 0 FREELISTS 1 FREELIST GROUPS 1
  BUFFER_POOL DEFAULT FLASH_CACHE DEFAULT CELL_FLASH_CACHE DEFAULT)
  TABLESPACE "USERS" ;
--------------------------------------------------------
--  DDL for Table POSITION
--------------------------------------------------------

  CREATE TABLE "BIONIC"."POSITION" 
   (	"POSITION_ID" VARCHAR2(10 BYTE), 
	"POSITION_NAME" VARCHAR2(20 BYTE), 
	"POSITION_DESCRIPTION" VARCHAR2(255 BYTE), 
	"SALARY" FLOAT(126), 
	"WORKER_ID" VARCHAR2(10 BYTE)
   ) SEGMENT CREATION IMMEDIATE 
  PCTFREE 10 PCTUSED 40 INITRANS 1 MAXTRANS 255 
 NOCOMPRESS LOGGING
  STORAGE(INITIAL 65536 NEXT 1048576 MINEXTENTS 1 MAXEXTENTS 2147483645
  PCTINCREASE 0 FREELISTS 1 FREELIST GROUPS 1
  BUFFER_POOL DEFAULT FLASH_CACHE DEFAULT CELL_FLASH_CACHE DEFAULT)
  TABLESPACE "USERS" ;
--------------------------------------------------------
--  DDL for Table PRODUCT
--------------------------------------------------------

  CREATE TABLE "BIONIC"."PRODUCT" 
   (	"PRODUCT_ID" VARCHAR2(10 BYTE), 
	"PRODUCT_NAME" VARCHAR2(255 BYTE), 
	"PRODUCT_SPECIFICATION" VARCHAR2(255 BYTE), 
	"PRODUCT_PRICE" FLOAT(126), 
	"CATEGORY" VARCHAR2(255 BYTE), 
	"DESCRIPTION" VARCHAR2(255 BYTE), 
	"QUANTITY" NUMBER(*,0)
   ) SEGMENT CREATION IMMEDIATE 
  PCTFREE 10 PCTUSED 40 INITRANS 1 MAXTRANS 255 
 NOCOMPRESS LOGGING
  STORAGE(INITIAL 65536 NEXT 1048576 MINEXTENTS 1 MAXEXTENTS 2147483645
  PCTINCREASE 0 FREELISTS 1 FREELIST GROUPS 1
  BUFFER_POOL DEFAULT FLASH_CACHE DEFAULT CELL_FLASH_CACHE DEFAULT)
  TABLESPACE "USERS" ;
--------------------------------------------------------
--  DDL for Table RECEIPT
--------------------------------------------------------

  CREATE TABLE "BIONIC"."RECEIPT" 
   (	"RECEIPT_ID" VARCHAR2(10 BYTE), 
	"DATE_TIME" TIMESTAMP (6), 
	"DESCRIPTION" VARCHAR2(255 BYTE), 
	"CUSTOMER_PAYMENT_ID" VARCHAR2(10 BYTE)
   ) SEGMENT CREATION IMMEDIATE 
  PCTFREE 10 PCTUSED 40 INITRANS 1 MAXTRANS 255 
 NOCOMPRESS LOGGING
  STORAGE(INITIAL 65536 NEXT 1048576 MINEXTENTS 1 MAXEXTENTS 2147483645
  PCTINCREASE 0 FREELISTS 1 FREELIST GROUPS 1
  BUFFER_POOL DEFAULT FLASH_CACHE DEFAULT CELL_FLASH_CACHE DEFAULT)
  TABLESPACE "USERS" ;
--------------------------------------------------------
--  DDL for Table SERVICE
--------------------------------------------------------

  CREATE TABLE "BIONIC"."SERVICE" 
   (	"SERVICE_ID" VARCHAR2(10 BYTE), 
	"SERVICE_FEE" FLOAT(126), 
	"SERVICE_DESCRIPTION" VARCHAR2(255 BYTE), 
	"SERVICE_DATETIME" TIMESTAMP (6), 
	"SERVICE_ADDRESS" VARCHAR2(255 BYTE), 
	"CUSTOMER_ID" VARCHAR2(10 BYTE), 
	"WORKER_ID" VARCHAR2(10 BYTE)
   ) SEGMENT CREATION IMMEDIATE 
  PCTFREE 10 PCTUSED 40 INITRANS 1 MAXTRANS 255 
 NOCOMPRESS LOGGING
  STORAGE(INITIAL 65536 NEXT 1048576 MINEXTENTS 1 MAXEXTENTS 2147483645
  PCTINCREASE 0 FREELISTS 1 FREELIST GROUPS 1
  BUFFER_POOL DEFAULT FLASH_CACHE DEFAULT CELL_FLASH_CACHE DEFAULT)
  TABLESPACE "USERS" ;
--------------------------------------------------------
--  DDL for Table SUPPLIER
--------------------------------------------------------

  CREATE TABLE "BIONIC"."SUPPLIER" 
   (	"NAME" VARCHAR2(50 BYTE), 
	"PHONE_NUMBER" VARCHAR2(15 BYTE), 
	"STREET_NO" VARCHAR2(10 BYTE), 
	"STREET_NAME" VARCHAR2(50 BYTE), 
	"AREA" VARCHAR2(200 BYTE), 
	"SUPPLY_ID" VARCHAR2(10 BYTE), 
	"SUPPLIER_ID" VARCHAR2(10 BYTE)
   ) SEGMENT CREATION IMMEDIATE 
  PCTFREE 10 PCTUSED 40 INITRANS 1 MAXTRANS 255 
 NOCOMPRESS LOGGING
  STORAGE(INITIAL 65536 NEXT 1048576 MINEXTENTS 1 MAXEXTENTS 2147483645
  PCTINCREASE 0 FREELISTS 1 FREELIST GROUPS 1
  BUFFER_POOL DEFAULT FLASH_CACHE DEFAULT CELL_FLASH_CACHE DEFAULT)
  TABLESPACE "USERS" ;
--------------------------------------------------------
--  DDL for Table SUPPLY_SUPPLIER_PRODUCT
--------------------------------------------------------

  CREATE TABLE "BIONIC"."SUPPLY_SUPPLIER_PRODUCT" 
   (	"SUPPLY_ID" VARCHAR2(10 BYTE), 
	"SUPPLIER_ID" VARCHAR2(10 BYTE), 
	"PRODUCT_ID" VARCHAR2(10 BYTE)
   ) SEGMENT CREATION IMMEDIATE 
  PCTFREE 10 PCTUSED 40 INITRANS 1 MAXTRANS 255 
 NOCOMPRESS LOGGING
  STORAGE(INITIAL 65536 NEXT 1048576 MINEXTENTS 1 MAXEXTENTS 2147483645
  PCTINCREASE 0 FREELISTS 1 FREELIST GROUPS 1
  BUFFER_POOL DEFAULT FLASH_CACHE DEFAULT CELL_FLASH_CACHE DEFAULT)
  TABLESPACE "USERS" ;
--------------------------------------------------------
--  DDL for Table SUPPLY_SUPPLIER_SPECIFICATION
--------------------------------------------------------

  CREATE TABLE "BIONIC"."SUPPLY_SUPPLIER_SPECIFICATION" 
   (	"SUPPLY_ID" VARCHAR2(10 BYTE), 
	"SUPPLIER_ID" VARCHAR2(10 BYTE), 
	"QUANTITY" NUMBER(*,0), 
	"DATE_TIME" TIMESTAMP (6), 
	"TOTAL_PAYMENT" FLOAT(126), 
	"PAYMENT_METHOD" VARCHAR2(20 BYTE)
   ) SEGMENT CREATION IMMEDIATE 
  PCTFREE 10 PCTUSED 40 INITRANS 1 MAXTRANS 255 
 NOCOMPRESS LOGGING
  STORAGE(INITIAL 65536 NEXT 1048576 MINEXTENTS 1 MAXEXTENTS 2147483645
  PCTINCREASE 0 FREELISTS 1 FREELIST GROUPS 1
  BUFFER_POOL DEFAULT FLASH_CACHE DEFAULT CELL_FLASH_CACHE DEFAULT)
  TABLESPACE "USERS" ;
--------------------------------------------------------
--  DDL for Table WARRANTY
--------------------------------------------------------

  CREATE TABLE "BIONIC"."WARRANTY" 
   (	"WARRANTY_ID" VARCHAR2(10 BYTE), 
	"WARRANTY_START_DATE_TIME" TIMESTAMP (6), 
	"WARRANTY_END_DATE_TIME" TIMESTAMP (6), 
	"PRODUCT_ID" VARCHAR2(10 BYTE)
   ) SEGMENT CREATION IMMEDIATE 
  PCTFREE 10 PCTUSED 40 INITRANS 1 MAXTRANS 255 
 NOCOMPRESS LOGGING
  STORAGE(INITIAL 65536 NEXT 1048576 MINEXTENTS 1 MAXEXTENTS 2147483645
  PCTINCREASE 0 FREELISTS 1 FREELIST GROUPS 1
  BUFFER_POOL DEFAULT FLASH_CACHE DEFAULT CELL_FLASH_CACHE DEFAULT)
  TABLESPACE "USERS" ;
--------------------------------------------------------
--  DDL for Table WORKER
--------------------------------------------------------

  CREATE TABLE "BIONIC"."WORKER" 
   (	"WORKER_ID" VARCHAR2(10 BYTE), 
	"FIRST_NAME" VARCHAR2(50 BYTE), 
	"LAST_NAME" VARCHAR2(50 BYTE), 
	"IC" VARCHAR2(15 BYTE), 
	"PHONE_NUMBER" VARCHAR2(15 BYTE), 
	"STREET_NO" VARCHAR2(10 BYTE), 
	"STREET_NAME" VARCHAR2(50 BYTE), 
	"AREA" VARCHAR2(200 BYTE)
   ) SEGMENT CREATION IMMEDIATE 
  PCTFREE 10 PCTUSED 40 INITRANS 1 MAXTRANS 255 
 NOCOMPRESS LOGGING
  STORAGE(INITIAL 65536 NEXT 1048576 MINEXTENTS 1 MAXEXTENTS 2147483645
  PCTINCREASE 0 FREELISTS 1 FREELIST GROUPS 1
  BUFFER_POOL DEFAULT FLASH_CACHE DEFAULT CELL_FLASH_CACHE DEFAULT)
  TABLESPACE "USERS" ;
REM INSERTING into BIONIC.AREA
SET DEFINE OFF;
Insert into BIONIC.AREA (AREA,POSTCODE) values ('Kampung Pisang',30000);
Insert into BIONIC.AREA (AREA,POSTCODE) values ('Indian Settlement',31000);
Insert into BIONIC.AREA (AREA,POSTCODE) values ('Sitiawan',32000);
Insert into BIONIC.AREA (AREA,POSTCODE) values ('Manong',33000);
Insert into BIONIC.AREA (AREA,POSTCODE) values ('Taiping',34000);
Insert into BIONIC.AREA (AREA,POSTCODE) values ('Tapah',35000);
Insert into BIONIC.AREA (AREA,POSTCODE) values ('Teluk Intan',36000);
Insert into BIONIC.AREA (AREA,POSTCODE) values ('Bagan Datoh',36100);
REM INSERTING into BIONIC.CUSTOMER
SET DEFINE OFF;
Insert into BIONIC.CUSTOMER (CUSTOMER_ID,FIRST_NAME,LAST_NAME,IC,PHONE_NUMBER,STREET_NO,STREET_NAME,AREA) values ('C001','Ali','Abdul','021212-08-1231','012-1234567','1','Jalan Hang Tuah','Teluk Intan');
Insert into BIONIC.CUSTOMER (CUSTOMER_ID,FIRST_NAME,LAST_NAME,IC,PHONE_NUMBER,STREET_NO,STREET_NAME,AREA) values ('C002','John','Caeser','951213-07-4321','013-1234567','32','Jalan Hang Jebat','Teluk Intan');
Insert into BIONIC.CUSTOMER (CUSTOMER_ID,FIRST_NAME,LAST_NAME,IC,PHONE_NUMBER,STREET_NO,STREET_NAME,AREA) values ('C003','Li','De','000112-08-7431','016-21236745','13B','Jalan Hang Lebai','Bagan Datoh');
Insert into BIONIC.CUSTOMER (CUSTOMER_ID,FIRST_NAME,LAST_NAME,IC,PHONE_NUMBER,STREET_NO,STREET_NAME,AREA) values ('C004','Yan','Rou','030304-13-1236','016-1238721','13','Jalan Hang Lekir','Taiping');
Insert into BIONIC.CUSTOMER (CUSTOMER_ID,FIRST_NAME,LAST_NAME,IC,PHONE_NUMBER,STREET_NO,STREET_NAME,AREA) values ('C005','Su','Ann','040303-01-1242','012-1812391','2','Jalan Batu','Teluk Intan');
Insert into BIONIC.CUSTOMER (CUSTOMER_ID,FIRST_NAME,LAST_NAME,IC,PHONE_NUMBER,STREET_NO,STREET_NAME,AREA) values ('C006','Nor','Amsyar','991212-08-5781','012-1237456','1','Jalan Intan','Teluk Intan');
Insert into BIONIC.CUSTOMER (CUSTOMER_ID,FIRST_NAME,LAST_NAME,IC,PHONE_NUMBER,STREET_NO,STREET_NAME,AREA) values ('C007','Winnie','Wong','961231-06-1234','017-1238914','6','Jalan Mas','Kampung Pisang');
Insert into BIONIC.CUSTOMER (CUSTOMER_ID,FIRST_NAME,LAST_NAME,IC,PHONE_NUMBER,STREET_NO,STREET_NAME,AREA) values ('C008','John','Lee','020101-10-1421','012-1777567','13A','Jalan Abdul','Sitiawan');
REM INSERTING into BIONIC.CUSTOMER_ORDER
SET DEFINE OFF;
Insert into BIONIC.CUSTOMER_ORDER (CUSTOMER_ORDER_ID,QUANTITY,SPECIAL_REQUEST,CUSTOMER_ID) values ('CO001',1,'None','C001');
Insert into BIONIC.CUSTOMER_ORDER (CUSTOMER_ORDER_ID,QUANTITY,SPECIAL_REQUEST,CUSTOMER_ID) values ('CO002',2,'None','C001');
Insert into BIONIC.CUSTOMER_ORDER (CUSTOMER_ORDER_ID,QUANTITY,SPECIAL_REQUEST,CUSTOMER_ID) values ('CO003',1,'None','C001');
Insert into BIONIC.CUSTOMER_ORDER (CUSTOMER_ORDER_ID,QUANTITY,SPECIAL_REQUEST,CUSTOMER_ID) values ('CO004',3,'None','C002');
Insert into BIONIC.CUSTOMER_ORDER (CUSTOMER_ORDER_ID,QUANTITY,SPECIAL_REQUEST,CUSTOMER_ID) values ('CO005',5,'None','C003');
Insert into BIONIC.CUSTOMER_ORDER (CUSTOMER_ORDER_ID,QUANTITY,SPECIAL_REQUEST,CUSTOMER_ID) values ('CO006',1,'None','C002');
Insert into BIONIC.CUSTOMER_ORDER (CUSTOMER_ORDER_ID,QUANTITY,SPECIAL_REQUEST,CUSTOMER_ID) values ('CO007',2,'None','C006');
Insert into BIONIC.CUSTOMER_ORDER (CUSTOMER_ORDER_ID,QUANTITY,SPECIAL_REQUEST,CUSTOMER_ID) values ('CO008',3,'None','C007');
REM INSERTING into BIONIC.CUSTOMER_ORDER_PRODUCT
SET DEFINE OFF;
Insert into BIONIC.CUSTOMER_ORDER_PRODUCT (CUSTOMER_ORDER_ID,PRODUCT_ID) values ('CO001','P001');
Insert into BIONIC.CUSTOMER_ORDER_PRODUCT (CUSTOMER_ORDER_ID,PRODUCT_ID) values ('CO002','P004');
Insert into BIONIC.CUSTOMER_ORDER_PRODUCT (CUSTOMER_ORDER_ID,PRODUCT_ID) values ('CO003','P006');
Insert into BIONIC.CUSTOMER_ORDER_PRODUCT (CUSTOMER_ORDER_ID,PRODUCT_ID) values ('CO004','P008');
Insert into BIONIC.CUSTOMER_ORDER_PRODUCT (CUSTOMER_ORDER_ID,PRODUCT_ID) values ('CO005','P001');
Insert into BIONIC.CUSTOMER_ORDER_PRODUCT (CUSTOMER_ORDER_ID,PRODUCT_ID) values ('CO006','P002');
Insert into BIONIC.CUSTOMER_ORDER_PRODUCT (CUSTOMER_ORDER_ID,PRODUCT_ID) values ('CO007','P005');
Insert into BIONIC.CUSTOMER_ORDER_PRODUCT (CUSTOMER_ORDER_ID,PRODUCT_ID) values ('CO008','P004');
REM INSERTING into BIONIC.CUSTOMER_PAYMENT
SET DEFINE OFF;
Insert into BIONIC.CUSTOMER_PAYMENT (CUSTOMER_PAYMENT_ID,TOTAL_PAYMENT,PAYMENT_METHOD,STATUS,CUSTOMER_ID,WORKER_ID,SERVICE_ID,CUSTOMER_ORDER_ID) values ('CP001',50,'Credit Card',1,'C001','W001','SV001',null);
Insert into BIONIC.CUSTOMER_PAYMENT (CUSTOMER_PAYMENT_ID,TOTAL_PAYMENT,PAYMENT_METHOD,STATUS,CUSTOMER_ID,WORKER_ID,SERVICE_ID,CUSTOMER_ORDER_ID) values ('CP002',100,'Cash',1,'C002','W001','SV002',null);
Insert into BIONIC.CUSTOMER_PAYMENT (CUSTOMER_PAYMENT_ID,TOTAL_PAYMENT,PAYMENT_METHOD,STATUS,CUSTOMER_ID,WORKER_ID,SERVICE_ID,CUSTOMER_ORDER_ID) values ('CP003',150,'Cash',1,'C003','W001','SV003',null);
Insert into BIONIC.CUSTOMER_PAYMENT (CUSTOMER_PAYMENT_ID,TOTAL_PAYMENT,PAYMENT_METHOD,STATUS,CUSTOMER_ID,WORKER_ID,SERVICE_ID,CUSTOMER_ORDER_ID) values ('CP004',200,'Credit Card',0,'C004','W001','SV004',null);
Insert into BIONIC.CUSTOMER_PAYMENT (CUSTOMER_PAYMENT_ID,TOTAL_PAYMENT,PAYMENT_METHOD,STATUS,CUSTOMER_ID,WORKER_ID,SERVICE_ID,CUSTOMER_ORDER_ID) values ('CP005',10,'Cash',1,'C001','W008',null,'CO001');
Insert into BIONIC.CUSTOMER_PAYMENT (CUSTOMER_PAYMENT_ID,TOTAL_PAYMENT,PAYMENT_METHOD,STATUS,CUSTOMER_ID,WORKER_ID,SERVICE_ID,CUSTOMER_ORDER_ID) values ('CP006',100,'Cash',1,'C001','W008',null,'CO002');
Insert into BIONIC.CUSTOMER_PAYMENT (CUSTOMER_PAYMENT_ID,TOTAL_PAYMENT,PAYMENT_METHOD,STATUS,CUSTOMER_ID,WORKER_ID,SERVICE_ID,CUSTOMER_ORDER_ID) values ('CP007',135,'Credit Card',1,'C001','W008',null,'CO003');
Insert into BIONIC.CUSTOMER_PAYMENT (CUSTOMER_PAYMENT_ID,TOTAL_PAYMENT,PAYMENT_METHOD,STATUS,CUSTOMER_ID,WORKER_ID,SERVICE_ID,CUSTOMER_ORDER_ID) values ('CP008',14000,'Credit Card',0,'C002','W008',null,'CO004');
REM INSERTING into BIONIC.POSITION
SET DEFINE OFF;
Insert into BIONIC.POSITION (POSITION_ID,POSITION_NAME,POSITION_DESCRIPTION,SALARY,WORKER_ID) values ('PS001','Manager','Manages the team',8000,'W004');
Insert into BIONIC.POSITION (POSITION_ID,POSITION_NAME,POSITION_DESCRIPTION,SALARY,WORKER_ID) values ('PS002','cashier','Managing money in counter',3000,'W008');
Insert into BIONIC.POSITION (POSITION_ID,POSITION_NAME,POSITION_DESCRIPTION,SALARY,WORKER_ID) values ('PS007','promoter','promote things',4000,'W007');
Insert into BIONIC.POSITION (POSITION_ID,POSITION_NAME,POSITION_DESCRIPTION,SALARY,WORKER_ID) values ('PS003','technician','Provide technical support',5000,'W001');
Insert into BIONIC.POSITION (POSITION_ID,POSITION_NAME,POSITION_DESCRIPTION,SALARY,WORKER_ID) values ('PS008','technician_assistant','Provide technical support',4500,'W002');
Insert into BIONIC.POSITION (POSITION_ID,POSITION_NAME,POSITION_DESCRIPTION,SALARY,WORKER_ID) values ('PS004','accountant','Manages money flow ',6000,'W003');
Insert into BIONIC.POSITION (POSITION_ID,POSITION_NAME,POSITION_DESCRIPTION,SALARY,WORKER_ID) values ('PS005','secretary','Manages all documents ',6500,'W005');
Insert into BIONIC.POSITION (POSITION_ID,POSITION_NAME,POSITION_DESCRIPTION,SALARY,WORKER_ID) values ('PS006','cleaner','clean up the store ',2500,'W006');
REM INSERTING into BIONIC.PRODUCT
SET DEFINE OFF;
Insert into BIONIC.PRODUCT (PRODUCT_ID,PRODUCT_NAME,PRODUCT_SPECIFICATION,PRODUCT_PRICE,CATEGORY,DESCRIPTION,QUANTITY) values ('P001','Multipurpose Carbon Filter Cartridges','Small',10,'Catridge','changed roughly every 6 months',100);
Insert into BIONIC.PRODUCT (PRODUCT_ID,PRODUCT_NAME,PRODUCT_SPECIFICATION,PRODUCT_PRICE,CATEGORY,DESCRIPTION,QUANTITY) values ('P002','Carbon Block Combination Filter Cartridges','Medium',20,'Catridge','changed roughly every 1 year',50);
Insert into BIONIC.PRODUCT (PRODUCT_ID,PRODUCT_NAME,PRODUCT_SPECIFICATION,PRODUCT_PRICE,CATEGORY,DESCRIPTION,QUANTITY) values ('P003','Poly Pleated Sediment Cartridge','Large',15,'Catridge','changed every 3 month',15);
Insert into BIONIC.PRODUCT (PRODUCT_ID,PRODUCT_NAME,PRODUCT_SPECIFICATION,PRODUCT_PRICE,CATEGORY,DESCRIPTION,QUANTITY) values ('P004','Disinfectant','2L ',50,'Disinfectant','use 10ml every time',75);
Insert into BIONIC.PRODUCT (PRODUCT_ID,PRODUCT_NAME,PRODUCT_SPECIFICATION,PRODUCT_PRICE,CATEGORY,DESCRIPTION,QUANTITY) values ('P005','Small Water Softeners','Small',60,'Water Softeners','Suitable for single person',50);
Insert into BIONIC.PRODUCT (PRODUCT_ID,PRODUCT_NAME,PRODUCT_SPECIFICATION,PRODUCT_PRICE,CATEGORY,DESCRIPTION,QUANTITY) values ('P006','Medium Water Softeners','Medium',135,'Water Softeners','Suitable for family of 5',25);
Insert into BIONIC.PRODUCT (PRODUCT_ID,PRODUCT_NAME,PRODUCT_SPECIFICATION,PRODUCT_PRICE,CATEGORY,DESCRIPTION,QUANTITY) values ('P007','Large Water Softeners','Large',220,'Water Softeners','Suitable for family under 20',1);
Insert into BIONIC.PRODUCT (PRODUCT_ID,PRODUCT_NAME,PRODUCT_SPECIFICATION,PRODUCT_PRICE,CATEGORY,DESCRIPTION,QUANTITY) values ('P008','Enterprise Water Softeners','Enterprise',14000,'Water Softeners','Support for 1000 persons',1);
REM INSERTING into BIONIC.RECEIPT
SET DEFINE OFF;
Insert into BIONIC.RECEIPT (RECEIPT_ID,DATE_TIME,DESCRIPTION,CUSTOMER_PAYMENT_ID) values ('R001',to_timestamp('01-JAN-22 12.01.00.000000000 PM','DD-MON-RR HH.MI.SSXFF AM'),'service fee','CP001');
Insert into BIONIC.RECEIPT (RECEIPT_ID,DATE_TIME,DESCRIPTION,CUSTOMER_PAYMENT_ID) values ('R002',to_timestamp('02-JAN-22 01.01.00.000000000 PM','DD-MON-RR HH.MI.SSXFF AM'),'service fee','CP002');
Insert into BIONIC.RECEIPT (RECEIPT_ID,DATE_TIME,DESCRIPTION,CUSTOMER_PAYMENT_ID) values ('R003',to_timestamp('03-JAN-22 02.00.00.000000000 PM','DD-MON-RR HH.MI.SSXFF AM'),'service fee','CP003');
Insert into BIONIC.RECEIPT (RECEIPT_ID,DATE_TIME,DESCRIPTION,CUSTOMER_PAYMENT_ID) values ('R004',to_timestamp('01-JAN-22 01.00.00.000000000 PM','DD-MON-RR HH.MI.SSXFF AM'),'product fee','CP005');
Insert into BIONIC.RECEIPT (RECEIPT_ID,DATE_TIME,DESCRIPTION,CUSTOMER_PAYMENT_ID) values ('R005',to_timestamp('02-JAN-22 02.00.00.000000000 PM','DD-MON-RR HH.MI.SSXFF AM'),'product fee','CP006');
Insert into BIONIC.RECEIPT (RECEIPT_ID,DATE_TIME,DESCRIPTION,CUSTOMER_PAYMENT_ID) values ('R006',to_timestamp('03-JAN-22 03.00.00.000000000 PM','DD-MON-RR HH.MI.SSXFF AM'),'product fee','CP007');
REM INSERTING into BIONIC.SERVICE
SET DEFINE OFF;
Insert into BIONIC.SERVICE (SERVICE_ID,SERVICE_FEE,SERVICE_DESCRIPTION,SERVICE_DATETIME,SERVICE_ADDRESS,CUSTOMER_ID,WORKER_ID) values ('SV001',50,'Change Catridge',to_timestamp('01-JAN-22 12.00.00.000000000 PM','DD-MON-RR HH.MI.SSXFF AM'),'1, Jalan Hang Tuah, Teluk Intan','C001','W001');
Insert into BIONIC.SERVICE (SERVICE_ID,SERVICE_FEE,SERVICE_DESCRIPTION,SERVICE_DATETIME,SERVICE_ADDRESS,CUSTOMER_ID,WORKER_ID) values ('SV002',100,'Repair softener',to_timestamp('02-JAN-22 01.00.00.000000000 PM','DD-MON-RR HH.MI.SSXFF AM'),'32, Jalan Hang Jebat, Teluk Intan','C002','W001');
Insert into BIONIC.SERVICE (SERVICE_ID,SERVICE_FEE,SERVICE_DESCRIPTION,SERVICE_DATETIME,SERVICE_ADDRESS,CUSTOMER_ID,WORKER_ID) values ('SV003',150,'Maintenance',to_timestamp('03-JAN-22 02.00.00.000000000 PM','DD-MON-RR HH.MI.SSXFF AM'),'13B, Jalan Hang Lebai, Bagan Datoh','C003','W001');
Insert into BIONIC.SERVICE (SERVICE_ID,SERVICE_FEE,SERVICE_DESCRIPTION,SERVICE_DATETIME,SERVICE_ADDRESS,CUSTOMER_ID,WORKER_ID) values ('SV004',200,'Change Catridge and Repair Softener',to_timestamp('01-JAN-22 03.00.00.000000000 PM','DD-MON-RR HH.MI.SSXFF AM'),'13, Jalan Hang Lekir','C004','W001');
Insert into BIONIC.SERVICE (SERVICE_ID,SERVICE_FEE,SERVICE_DESCRIPTION,SERVICE_DATETIME,SERVICE_ADDRESS,CUSTOMER_ID,WORKER_ID) values ('SV005',50,'Change Catridge',to_timestamp('02-JAN-22 12.00.00.000000000 PM','DD-MON-RR HH.MI.SSXFF AM'),'123 Main St, Taiping','C005','W002');
Insert into BIONIC.SERVICE (SERVICE_ID,SERVICE_FEE,SERVICE_DESCRIPTION,SERVICE_DATETIME,SERVICE_ADDRESS,CUSTOMER_ID,WORKER_ID) values ('SV006',100,'Repair softener',to_timestamp('05-JAN-22 04.00.00.000000000 PM','DD-MON-RR HH.MI.SSXFF AM'),'456 Maple Ave, Tapah','C006','W002');
Insert into BIONIC.SERVICE (SERVICE_ID,SERVICE_FEE,SERVICE_DESCRIPTION,SERVICE_DATETIME,SERVICE_ADDRESS,CUSTOMER_ID,WORKER_ID) values ('SV007',150,'Maintenance',to_timestamp('07-JAN-22 05.00.00.000000000 PM','DD-MON-RR HH.MI.SSXFF AM'),'789 Park St, Sitiawan','C007','W002');
Insert into BIONIC.SERVICE (SERVICE_ID,SERVICE_FEE,SERVICE_DESCRIPTION,SERVICE_DATETIME,SERVICE_ADDRESS,CUSTOMER_ID,WORKER_ID) values ('SV008',200,'Change Catridge and Repair Softener',to_timestamp('05-JAN-22 06.00.00.000000000 PM','DD-MON-RR HH.MI.SSXFF AM'),'321 Market St, Teluk Intan','C008','W002');
REM INSERTING into BIONIC.SUPPLIER
SET DEFINE OFF;
Insert into BIONIC.SUPPLIER (NAME,PHONE_NUMBER,STREET_NO,STREET_NAME,AREA,SUPPLY_ID,SUPPLIER_ID) values ('Acme Inc','111-111-1112','123','Main St','Teluk Intan','S001','SR001');
Insert into BIONIC.SUPPLIER (NAME,PHONE_NUMBER,STREET_NO,STREET_NAME,AREA,SUPPLY_ID,SUPPLIER_ID) values ('XYZ Corp','222-222-2223','456','Maple Ave','Indian Settlement','S002','SR003');
Insert into BIONIC.SUPPLIER (NAME,PHONE_NUMBER,STREET_NO,STREET_NAME,AREA,SUPPLY_ID,SUPPLIER_ID) values ('XYZ Corp','222-222-2223','456','Maple Ave','Indian Settlement','S003','SR003');
Insert into BIONIC.SUPPLIER (NAME,PHONE_NUMBER,STREET_NO,STREET_NAME,AREA,SUPPLY_ID,SUPPLIER_ID) values ('Def Enterprises','444-444-4445','321','Market St','Taiping','S004','SR004');
Insert into BIONIC.SUPPLIER (NAME,PHONE_NUMBER,STREET_NO,STREET_NAME,AREA,SUPPLY_ID,SUPPLIER_ID) values ('Ghi Industries','555-555-5556','159','Broadway','Sitiawan','S004','SR005');
Insert into BIONIC.SUPPLIER (NAME,PHONE_NUMBER,STREET_NO,STREET_NAME,AREA,SUPPLY_ID,SUPPLIER_ID) values ('Jkl Inc','666-666-6667','753','Washington St','Manong','S006','SR006');
Insert into BIONIC.SUPPLIER (NAME,PHONE_NUMBER,STREET_NO,STREET_NAME,AREA,SUPPLY_ID,SUPPLIER_ID) values ('Mno LLC','777-777-7778','246','Jefferson St','Tapah','S007','SR007');
Insert into BIONIC.SUPPLIER (NAME,PHONE_NUMBER,STREET_NO,STREET_NAME,AREA,SUPPLY_ID,SUPPLIER_ID) values ('Acme Inc','111-111-1112','123','Main St','Teluk Intan','S008','SR001');
REM INSERTING into BIONIC.SUPPLY_SUPPLIER_PRODUCT
SET DEFINE OFF;
Insert into BIONIC.SUPPLY_SUPPLIER_PRODUCT (SUPPLY_ID,SUPPLIER_ID,PRODUCT_ID) values ('S001','SR001','P001');
Insert into BIONIC.SUPPLY_SUPPLIER_PRODUCT (SUPPLY_ID,SUPPLIER_ID,PRODUCT_ID) values ('S002','SR003','P002');
Insert into BIONIC.SUPPLY_SUPPLIER_PRODUCT (SUPPLY_ID,SUPPLIER_ID,PRODUCT_ID) values ('S003','SR003','P003');
Insert into BIONIC.SUPPLY_SUPPLIER_PRODUCT (SUPPLY_ID,SUPPLIER_ID,PRODUCT_ID) values ('S004','SR004','P004');
Insert into BIONIC.SUPPLY_SUPPLIER_PRODUCT (SUPPLY_ID,SUPPLIER_ID,PRODUCT_ID) values ('S004','SR005','P005');
Insert into BIONIC.SUPPLY_SUPPLIER_PRODUCT (SUPPLY_ID,SUPPLIER_ID,PRODUCT_ID) values ('S006','SR006','P006');
Insert into BIONIC.SUPPLY_SUPPLIER_PRODUCT (SUPPLY_ID,SUPPLIER_ID,PRODUCT_ID) values ('S007','SR007','P007');
Insert into BIONIC.SUPPLY_SUPPLIER_PRODUCT (SUPPLY_ID,SUPPLIER_ID,PRODUCT_ID) values ('S008','SR001','P008');
REM INSERTING into BIONIC.SUPPLY_SUPPLIER_SPECIFICATION
SET DEFINE OFF;
Insert into BIONIC.SUPPLY_SUPPLIER_SPECIFICATION (SUPPLY_ID,SUPPLIER_ID,QUANTITY,DATE_TIME,TOTAL_PAYMENT,PAYMENT_METHOD) values ('S001','SR001',10,to_timestamp('01-JAN-22 12.00.00.000000000 PM','DD-MON-RR HH.MI.SSXFF AM'),10000,'Cash');
Insert into BIONIC.SUPPLY_SUPPLIER_SPECIFICATION (SUPPLY_ID,SUPPLIER_ID,QUANTITY,DATE_TIME,TOTAL_PAYMENT,PAYMENT_METHOD) values ('S002','SR003',20,to_timestamp('02-JAN-22 01.00.00.000000000 PM','DD-MON-RR HH.MI.SSXFF AM'),20000,'Credit Card');
Insert into BIONIC.SUPPLY_SUPPLIER_SPECIFICATION (SUPPLY_ID,SUPPLIER_ID,QUANTITY,DATE_TIME,TOTAL_PAYMENT,PAYMENT_METHOD) values ('S003','SR003',30,to_timestamp('03-JAN-22 02.00.00.000000000 PM','DD-MON-RR HH.MI.SSXFF AM'),30000,'Bank Transfer');
Insert into BIONIC.SUPPLY_SUPPLIER_SPECIFICATION (SUPPLY_ID,SUPPLIER_ID,QUANTITY,DATE_TIME,TOTAL_PAYMENT,PAYMENT_METHOD) values ('S004','SR004',40,to_timestamp('01-JAN-22 03.00.00.000000000 PM','DD-MON-RR HH.MI.SSXFF AM'),40000,'Cash');
Insert into BIONIC.SUPPLY_SUPPLIER_SPECIFICATION (SUPPLY_ID,SUPPLIER_ID,QUANTITY,DATE_TIME,TOTAL_PAYMENT,PAYMENT_METHOD) values ('S004','SR005',50,to_timestamp('02-JAN-22 12.00.00.000000000 PM','DD-MON-RR HH.MI.SSXFF AM'),50000,'Credit Card');
Insert into BIONIC.SUPPLY_SUPPLIER_SPECIFICATION (SUPPLY_ID,SUPPLIER_ID,QUANTITY,DATE_TIME,TOTAL_PAYMENT,PAYMENT_METHOD) values ('S006','SR006',60,to_timestamp('05-JAN-22 04.00.00.000000000 PM','DD-MON-RR HH.MI.SSXFF AM'),60000,'Bank Transfer');
Insert into BIONIC.SUPPLY_SUPPLIER_SPECIFICATION (SUPPLY_ID,SUPPLIER_ID,QUANTITY,DATE_TIME,TOTAL_PAYMENT,PAYMENT_METHOD) values ('S007','SR007',70,to_timestamp('07-JAN-22 05.00.00.000000000 PM','DD-MON-RR HH.MI.SSXFF AM'),70000,'Cash');
Insert into BIONIC.SUPPLY_SUPPLIER_SPECIFICATION (SUPPLY_ID,SUPPLIER_ID,QUANTITY,DATE_TIME,TOTAL_PAYMENT,PAYMENT_METHOD) values ('S008','SR001',80,to_timestamp('05-JAN-22 06.00.00.000000000 PM','DD-MON-RR HH.MI.SSXFF AM'),80000,'Credit Card');
REM INSERTING into BIONIC.WARRANTY
SET DEFINE OFF;
Insert into BIONIC.WARRANTY (WARRANTY_ID,WARRANTY_START_DATE_TIME,WARRANTY_END_DATE_TIME,PRODUCT_ID) values ('W001',to_timestamp('03-JAN-22 02.00.00.000000000 PM','DD-MON-RR HH.MI.SSXFF AM'),to_timestamp('03-JAN-25 02.00.00.000000000 PM','DD-MON-RR HH.MI.SSXFF AM'),'P001');
Insert into BIONIC.WARRANTY (WARRANTY_ID,WARRANTY_START_DATE_TIME,WARRANTY_END_DATE_TIME,PRODUCT_ID) values ('W002',to_timestamp('03-JAN-22 02.00.00.000000000 PM','DD-MON-RR HH.MI.SSXFF AM'),to_timestamp('03-JAN-26 02.00.00.000000000 PM','DD-MON-RR HH.MI.SSXFF AM'),'P002');
Insert into BIONIC.WARRANTY (WARRANTY_ID,WARRANTY_START_DATE_TIME,WARRANTY_END_DATE_TIME,PRODUCT_ID) values ('W003',to_timestamp('03-JAN-22 02.00.00.000000000 PM','DD-MON-RR HH.MI.SSXFF AM'),to_timestamp('03-JAN-23 02.00.00.000000000 PM','DD-MON-RR HH.MI.SSXFF AM'),'P003');
Insert into BIONIC.WARRANTY (WARRANTY_ID,WARRANTY_START_DATE_TIME,WARRANTY_END_DATE_TIME,PRODUCT_ID) values ('W004',to_timestamp('03-JAN-22 02.00.00.000000000 PM','DD-MON-RR HH.MI.SSXFF AM'),to_timestamp('03-JAN-24 02.00.00.000000000 PM','DD-MON-RR HH.MI.SSXFF AM'),'P004');
Insert into BIONIC.WARRANTY (WARRANTY_ID,WARRANTY_START_DATE_TIME,WARRANTY_END_DATE_TIME,PRODUCT_ID) values ('W005',to_timestamp('03-JAN-22 02.00.00.000000000 PM','DD-MON-RR HH.MI.SSXFF AM'),to_timestamp('03-JAN-24 02.00.00.000000000 PM','DD-MON-RR HH.MI.SSXFF AM'),'P005');
Insert into BIONIC.WARRANTY (WARRANTY_ID,WARRANTY_START_DATE_TIME,WARRANTY_END_DATE_TIME,PRODUCT_ID) values ('W006',to_timestamp('03-JAN-22 02.00.00.000000000 PM','DD-MON-RR HH.MI.SSXFF AM'),to_timestamp('03-JAN-23 02.00.00.000000000 PM','DD-MON-RR HH.MI.SSXFF AM'),'P006');
Insert into BIONIC.WARRANTY (WARRANTY_ID,WARRANTY_START_DATE_TIME,WARRANTY_END_DATE_TIME,PRODUCT_ID) values ('W007',to_timestamp('03-JAN-22 02.00.00.000000000 PM','DD-MON-RR HH.MI.SSXFF AM'),to_timestamp('03-JAN-26 02.00.00.000000000 PM','DD-MON-RR HH.MI.SSXFF AM'),'P007');
Insert into BIONIC.WARRANTY (WARRANTY_ID,WARRANTY_START_DATE_TIME,WARRANTY_END_DATE_TIME,PRODUCT_ID) values ('W008',to_timestamp('03-JAN-22 02.00.00.000000000 PM','DD-MON-RR HH.MI.SSXFF AM'),to_timestamp('03-JAN-25 02.00.00.000000000 PM','DD-MON-RR HH.MI.SSXFF AM'),'P008');
REM INSERTING into BIONIC.WORKER
SET DEFINE OFF;
Insert into BIONIC.WORKER (WORKER_ID,FIRST_NAME,LAST_NAME,IC,PHONE_NUMBER,STREET_NO,STREET_NAME,AREA) values ('W001','John','Doe','123456-78-9012','012-3456789','123','Main St','Teluk Intan');
Insert into BIONIC.WORKER (WORKER_ID,FIRST_NAME,LAST_NAME,IC,PHONE_NUMBER,STREET_NO,STREET_NAME,AREA) values ('W008','Samantha','Williams','890123-45-6789','666-666-6666','369','Adams St','Teluk Intan');
Insert into BIONIC.WORKER (WORKER_ID,FIRST_NAME,LAST_NAME,IC,PHONE_NUMBER,STREET_NO,STREET_NAME,AREA) values ('W002','Jane','Doe','234567-89-0123','987-654-3210','456','Maple Ave','Kampung Pisang');
Insert into BIONIC.WORKER (WORKER_ID,FIRST_NAME,LAST_NAME,IC,PHONE_NUMBER,STREET_NO,STREET_NAME,AREA) values ('W003','Bob','Smith','345678-90-1234','111-111-1111','789','Park St','Sitiawan');
Insert into BIONIC.WORKER (WORKER_ID,FIRST_NAME,LAST_NAME,IC,PHONE_NUMBER,STREET_NO,STREET_NAME,AREA) values ('W004','Alice','Smith','456789-01-2345','222-222-2222','321','Market St','Bagan Datoh');
Insert into BIONIC.WORKER (WORKER_ID,FIRST_NAME,LAST_NAME,IC,PHONE_NUMBER,STREET_NO,STREET_NAME,AREA) values ('W005','Charlie','Brown','567890-12-3456','333-333-3333','159','Broadway','Sitiawan');
Insert into BIONIC.WORKER (WORKER_ID,FIRST_NAME,LAST_NAME,IC,PHONE_NUMBER,STREET_NO,STREET_NAME,AREA) values ('W006','Emily','Brown','678901-23-4567','444-444-4444','753','Washington St','Sitiawan');
Insert into BIONIC.WORKER (WORKER_ID,FIRST_NAME,LAST_NAME,IC,PHONE_NUMBER,STREET_NO,STREET_NAME,AREA) values ('W007','David','Williams','789012-34-5678','555-555-5555','246','Jefferson St','Taiping');
--------------------------------------------------------
--  DDL for Index ORDERS_PK
--------------------------------------------------------

  CREATE UNIQUE INDEX "BIONIC"."ORDERS_PK" ON "BIONIC"."SUPPLY_SUPPLIER_SPECIFICATION" ("SUPPLY_ID", "SUPPLIER_ID") 
  PCTFREE 10 INITRANS 2 MAXTRANS 255 COMPUTE STATISTICS 
  STORAGE(INITIAL 65536 NEXT 1048576 MINEXTENTS 1 MAXEXTENTS 2147483645
  PCTINCREASE 0 FREELISTS 1 FREELIST GROUPS 1
  BUFFER_POOL DEFAULT FLASH_CACHE DEFAULT CELL_FLASH_CACHE DEFAULT)
  TABLESPACE "USERS" ;
--------------------------------------------------------
--  Constraints for Table AREA
--------------------------------------------------------

  ALTER TABLE "BIONIC"."AREA" MODIFY ("POSTCODE" NOT NULL ENABLE);
  ALTER TABLE "BIONIC"."AREA" ADD PRIMARY KEY ("AREA")
  USING INDEX PCTFREE 10 INITRANS 2 MAXTRANS 255 COMPUTE STATISTICS 
  STORAGE(INITIAL 65536 NEXT 1048576 MINEXTENTS 1 MAXEXTENTS 2147483645
  PCTINCREASE 0 FREELISTS 1 FREELIST GROUPS 1
  BUFFER_POOL DEFAULT FLASH_CACHE DEFAULT CELL_FLASH_CACHE DEFAULT)
  TABLESPACE "USERS"  ENABLE;
--------------------------------------------------------
--  Constraints for Table SERVICE
--------------------------------------------------------

  ALTER TABLE "BIONIC"."SERVICE" MODIFY ("SERVICE_FEE" NOT NULL ENABLE);
  ALTER TABLE "BIONIC"."SERVICE" MODIFY ("SERVICE_DESCRIPTION" NOT NULL ENABLE);
  ALTER TABLE "BIONIC"."SERVICE" MODIFY ("SERVICE_DATETIME" NOT NULL ENABLE);
  ALTER TABLE "BIONIC"."SERVICE" MODIFY ("SERVICE_ADDRESS" NOT NULL ENABLE);
  ALTER TABLE "BIONIC"."SERVICE" MODIFY ("CUSTOMER_ID" NOT NULL ENABLE);
  ALTER TABLE "BIONIC"."SERVICE" MODIFY ("WORKER_ID" NOT NULL ENABLE);
  ALTER TABLE "BIONIC"."SERVICE" ADD PRIMARY KEY ("SERVICE_ID")
  USING INDEX PCTFREE 10 INITRANS 2 MAXTRANS 255 COMPUTE STATISTICS 
  STORAGE(INITIAL 65536 NEXT 1048576 MINEXTENTS 1 MAXEXTENTS 2147483645
  PCTINCREASE 0 FREELISTS 1 FREELIST GROUPS 1
  BUFFER_POOL DEFAULT FLASH_CACHE DEFAULT CELL_FLASH_CACHE DEFAULT)
  TABLESPACE "USERS"  ENABLE;
  ALTER TABLE "BIONIC"."SERVICE" ADD CONSTRAINT "CHECK_SERVICE_FEE" CHECK (service_fee>0) ENABLE;
--------------------------------------------------------
--  Constraints for Table WORKER
--------------------------------------------------------

  ALTER TABLE "BIONIC"."WORKER" MODIFY ("FIRST_NAME" NOT NULL ENABLE);
  ALTER TABLE "BIONIC"."WORKER" MODIFY ("LAST_NAME" NOT NULL ENABLE);
  ALTER TABLE "BIONIC"."WORKER" MODIFY ("IC" NOT NULL ENABLE);
  ALTER TABLE "BIONIC"."WORKER" MODIFY ("PHONE_NUMBER" NOT NULL ENABLE);
  ALTER TABLE "BIONIC"."WORKER" MODIFY ("STREET_NO" NOT NULL ENABLE);
  ALTER TABLE "BIONIC"."WORKER" MODIFY ("STREET_NAME" NOT NULL ENABLE);
  ALTER TABLE "BIONIC"."WORKER" MODIFY ("AREA" NOT NULL ENABLE);
  ALTER TABLE "BIONIC"."WORKER" ADD PRIMARY KEY ("WORKER_ID")
  USING INDEX PCTFREE 10 INITRANS 2 MAXTRANS 255 COMPUTE STATISTICS 
  STORAGE(INITIAL 65536 NEXT 1048576 MINEXTENTS 1 MAXEXTENTS 2147483645
  PCTINCREASE 0 FREELISTS 1 FREELIST GROUPS 1
  BUFFER_POOL DEFAULT FLASH_CACHE DEFAULT CELL_FLASH_CACHE DEFAULT)
  TABLESPACE "USERS"  ENABLE;
--------------------------------------------------------
--  Constraints for Table CUSTOMER_ORDER
--------------------------------------------------------

  ALTER TABLE "BIONIC"."CUSTOMER_ORDER" MODIFY ("QUANTITY" NOT NULL ENABLE);
  ALTER TABLE "BIONIC"."CUSTOMER_ORDER" MODIFY ("SPECIAL_REQUEST" NOT NULL ENABLE);
  ALTER TABLE "BIONIC"."CUSTOMER_ORDER" MODIFY ("CUSTOMER_ID" NOT NULL ENABLE);
  ALTER TABLE "BIONIC"."CUSTOMER_ORDER" ADD PRIMARY KEY ("CUSTOMER_ORDER_ID")
  USING INDEX PCTFREE 10 INITRANS 2 MAXTRANS 255 COMPUTE STATISTICS 
  STORAGE(INITIAL 65536 NEXT 1048576 MINEXTENTS 1 MAXEXTENTS 2147483645
  PCTINCREASE 0 FREELISTS 1 FREELIST GROUPS 1
  BUFFER_POOL DEFAULT FLASH_CACHE DEFAULT CELL_FLASH_CACHE DEFAULT)
  TABLESPACE "USERS"  ENABLE;
  ALTER TABLE "BIONIC"."CUSTOMER_ORDER" ADD CONSTRAINT "CHECK_CUSTOMER_ORDER_QUANTITY" CHECK (quantity>0) ENABLE;
--------------------------------------------------------
--  Constraints for Table POSITION
--------------------------------------------------------

  ALTER TABLE "BIONIC"."POSITION" MODIFY ("POSITION_NAME" NOT NULL ENABLE);
  ALTER TABLE "BIONIC"."POSITION" MODIFY ("POSITION_DESCRIPTION" NOT NULL ENABLE);
  ALTER TABLE "BIONIC"."POSITION" MODIFY ("SALARY" NOT NULL ENABLE);
  ALTER TABLE "BIONIC"."POSITION" MODIFY ("WORKER_ID" NOT NULL ENABLE);
  ALTER TABLE "BIONIC"."POSITION" ADD PRIMARY KEY ("POSITION_ID")
  USING INDEX PCTFREE 10 INITRANS 2 MAXTRANS 255 COMPUTE STATISTICS 
  STORAGE(INITIAL 65536 NEXT 1048576 MINEXTENTS 1 MAXEXTENTS 2147483645
  PCTINCREASE 0 FREELISTS 1 FREELIST GROUPS 1
  BUFFER_POOL DEFAULT FLASH_CACHE DEFAULT CELL_FLASH_CACHE DEFAULT)
  TABLESPACE "USERS"  ENABLE;
  ALTER TABLE "BIONIC"."POSITION" ADD CONSTRAINT "CHECK_POSITION_SALARY" CHECK (salary>0) ENABLE;
--------------------------------------------------------
--  Constraints for Table CUSTOMER_ORDER_PRODUCT
--------------------------------------------------------

  ALTER TABLE "BIONIC"."CUSTOMER_ORDER_PRODUCT" MODIFY ("CUSTOMER_ORDER_ID" NOT NULL ENABLE);
  ALTER TABLE "BIONIC"."CUSTOMER_ORDER_PRODUCT" MODIFY ("PRODUCT_ID" NOT NULL ENABLE);
--------------------------------------------------------
--  Constraints for Table SUPPLY_SUPPLIER_SPECIFICATION
--------------------------------------------------------

  ALTER TABLE "BIONIC"."SUPPLY_SUPPLIER_SPECIFICATION" MODIFY ("QUANTITY" NOT NULL ENABLE);
  ALTER TABLE "BIONIC"."SUPPLY_SUPPLIER_SPECIFICATION" MODIFY ("DATE_TIME" NOT NULL ENABLE);
  ALTER TABLE "BIONIC"."SUPPLY_SUPPLIER_SPECIFICATION" MODIFY ("TOTAL_PAYMENT" NOT NULL ENABLE);
  ALTER TABLE "BIONIC"."SUPPLY_SUPPLIER_SPECIFICATION" MODIFY ("PAYMENT_METHOD" NOT NULL ENABLE);
  ALTER TABLE "BIONIC"."SUPPLY_SUPPLIER_SPECIFICATION" ADD CONSTRAINT "ORDERS_PK" PRIMARY KEY ("SUPPLY_ID", "SUPPLIER_ID")
  USING INDEX PCTFREE 10 INITRANS 2 MAXTRANS 255 COMPUTE STATISTICS 
  STORAGE(INITIAL 65536 NEXT 1048576 MINEXTENTS 1 MAXEXTENTS 2147483645
  PCTINCREASE 0 FREELISTS 1 FREELIST GROUPS 1
  BUFFER_POOL DEFAULT FLASH_CACHE DEFAULT CELL_FLASH_CACHE DEFAULT)
  TABLESPACE "USERS"  ENABLE;
  ALTER TABLE "BIONIC"."SUPPLY_SUPPLIER_SPECIFICATION" ADD CONSTRAINT "CHECK_SUPPLY_QUANTITY" CHECK (quantity>0) ENABLE;
  ALTER TABLE "BIONIC"."SUPPLY_SUPPLIER_SPECIFICATION" ADD CONSTRAINT "CHECK_SUPPLY_PRICE" CHECK (total_payment>0) ENABLE;
--------------------------------------------------------
--  Constraints for Table WARRANTY
--------------------------------------------------------

  ALTER TABLE "BIONIC"."WARRANTY" MODIFY ("WARRANTY_START_DATE_TIME" NOT NULL ENABLE);
  ALTER TABLE "BIONIC"."WARRANTY" MODIFY ("WARRANTY_END_DATE_TIME" NOT NULL ENABLE);
  ALTER TABLE "BIONIC"."WARRANTY" MODIFY ("PRODUCT_ID" NOT NULL ENABLE);
  ALTER TABLE "BIONIC"."WARRANTY" ADD PRIMARY KEY ("WARRANTY_ID")
  USING INDEX PCTFREE 10 INITRANS 2 MAXTRANS 255 COMPUTE STATISTICS 
  STORAGE(INITIAL 65536 NEXT 1048576 MINEXTENTS 1 MAXEXTENTS 2147483645
  PCTINCREASE 0 FREELISTS 1 FREELIST GROUPS 1
  BUFFER_POOL DEFAULT FLASH_CACHE DEFAULT CELL_FLASH_CACHE DEFAULT)
  TABLESPACE "USERS"  ENABLE;
  ALTER TABLE "BIONIC"."WARRANTY" ADD CONSTRAINT "CHECK_WARRANTY" CHECK (warranty_start_date_time<warranty_end_date_time) ENABLE;
--------------------------------------------------------
--  Constraints for Table SUPPLIER
--------------------------------------------------------

  ALTER TABLE "BIONIC"."SUPPLIER" MODIFY ("NAME" NOT NULL ENABLE);
  ALTER TABLE "BIONIC"."SUPPLIER" MODIFY ("PHONE_NUMBER" NOT NULL ENABLE);
  ALTER TABLE "BIONIC"."SUPPLIER" MODIFY ("STREET_NO" NOT NULL ENABLE);
  ALTER TABLE "BIONIC"."SUPPLIER" MODIFY ("STREET_NAME" NOT NULL ENABLE);
  ALTER TABLE "BIONIC"."SUPPLIER" MODIFY ("AREA" NOT NULL ENABLE);
--------------------------------------------------------
--  Constraints for Table CUSTOMER_PAYMENT
--------------------------------------------------------

  ALTER TABLE "BIONIC"."CUSTOMER_PAYMENT" MODIFY ("TOTAL_PAYMENT" NOT NULL ENABLE);
  ALTER TABLE "BIONIC"."CUSTOMER_PAYMENT" MODIFY ("PAYMENT_METHOD" NOT NULL ENABLE);
  ALTER TABLE "BIONIC"."CUSTOMER_PAYMENT" MODIFY ("STATUS" NOT NULL ENABLE);
  ALTER TABLE "BIONIC"."CUSTOMER_PAYMENT" MODIFY ("CUSTOMER_ID" NOT NULL ENABLE);
  ALTER TABLE "BIONIC"."CUSTOMER_PAYMENT" MODIFY ("WORKER_ID" NOT NULL ENABLE);
  ALTER TABLE "BIONIC"."CUSTOMER_PAYMENT" ADD PRIMARY KEY ("CUSTOMER_PAYMENT_ID")
  USING INDEX PCTFREE 10 INITRANS 2 MAXTRANS 255 COMPUTE STATISTICS 
  STORAGE(INITIAL 65536 NEXT 1048576 MINEXTENTS 1 MAXEXTENTS 2147483645
  PCTINCREASE 0 FREELISTS 1 FREELIST GROUPS 1
  BUFFER_POOL DEFAULT FLASH_CACHE DEFAULT CELL_FLASH_CACHE DEFAULT)
  TABLESPACE "USERS"  ENABLE;
  ALTER TABLE "BIONIC"."CUSTOMER_PAYMENT" ADD CONSTRAINT "CHECK_CUSTOMER_PAYMENT" CHECK (total_payment>0) ENABLE;
--------------------------------------------------------
--  Constraints for Table RECEIPT
--------------------------------------------------------

  ALTER TABLE "BIONIC"."RECEIPT" MODIFY ("DATE_TIME" NOT NULL ENABLE);
  ALTER TABLE "BIONIC"."RECEIPT" MODIFY ("DESCRIPTION" NOT NULL ENABLE);
  ALTER TABLE "BIONIC"."RECEIPT" MODIFY ("CUSTOMER_PAYMENT_ID" NOT NULL ENABLE);
  ALTER TABLE "BIONIC"."RECEIPT" ADD PRIMARY KEY ("RECEIPT_ID")
  USING INDEX PCTFREE 10 INITRANS 2 MAXTRANS 255 COMPUTE STATISTICS 
  STORAGE(INITIAL 65536 NEXT 1048576 MINEXTENTS 1 MAXEXTENTS 2147483645
  PCTINCREASE 0 FREELISTS 1 FREELIST GROUPS 1
  BUFFER_POOL DEFAULT FLASH_CACHE DEFAULT CELL_FLASH_CACHE DEFAULT)
  TABLESPACE "USERS"  ENABLE;
--------------------------------------------------------
--  Constraints for Table CUSTOMER
--------------------------------------------------------

  ALTER TABLE "BIONIC"."CUSTOMER" MODIFY ("FIRST_NAME" NOT NULL ENABLE);
  ALTER TABLE "BIONIC"."CUSTOMER" MODIFY ("LAST_NAME" NOT NULL ENABLE);
  ALTER TABLE "BIONIC"."CUSTOMER" MODIFY ("IC" NOT NULL ENABLE);
  ALTER TABLE "BIONIC"."CUSTOMER" MODIFY ("PHONE_NUMBER" NOT NULL ENABLE);
  ALTER TABLE "BIONIC"."CUSTOMER" MODIFY ("STREET_NO" NOT NULL ENABLE);
  ALTER TABLE "BIONIC"."CUSTOMER" MODIFY ("STREET_NAME" NOT NULL ENABLE);
  ALTER TABLE "BIONIC"."CUSTOMER" MODIFY ("AREA" NOT NULL ENABLE);
  ALTER TABLE "BIONIC"."CUSTOMER" ADD PRIMARY KEY ("CUSTOMER_ID")
  USING INDEX PCTFREE 10 INITRANS 2 MAXTRANS 255 COMPUTE STATISTICS 
  STORAGE(INITIAL 65536 NEXT 1048576 MINEXTENTS 1 MAXEXTENTS 2147483645
  PCTINCREASE 0 FREELISTS 1 FREELIST GROUPS 1
  BUFFER_POOL DEFAULT FLASH_CACHE DEFAULT CELL_FLASH_CACHE DEFAULT)
  TABLESPACE "USERS"  ENABLE;
--------------------------------------------------------
--  Constraints for Table SUPPLY_SUPPLIER_PRODUCT
--------------------------------------------------------

  ALTER TABLE "BIONIC"."SUPPLY_SUPPLIER_PRODUCT" MODIFY ("SUPPLY_ID" NOT NULL ENABLE);
  ALTER TABLE "BIONIC"."SUPPLY_SUPPLIER_PRODUCT" MODIFY ("SUPPLIER_ID" NOT NULL ENABLE);
  ALTER TABLE "BIONIC"."SUPPLY_SUPPLIER_PRODUCT" MODIFY ("PRODUCT_ID" NOT NULL ENABLE);
--------------------------------------------------------
--  Constraints for Table PRODUCT
--------------------------------------------------------

  ALTER TABLE "BIONIC"."PRODUCT" MODIFY ("PRODUCT_NAME" NOT NULL ENABLE);
  ALTER TABLE "BIONIC"."PRODUCT" MODIFY ("PRODUCT_SPECIFICATION" NOT NULL ENABLE);
  ALTER TABLE "BIONIC"."PRODUCT" MODIFY ("PRODUCT_PRICE" NOT NULL ENABLE);
  ALTER TABLE "BIONIC"."PRODUCT" MODIFY ("CATEGORY" NOT NULL ENABLE);
  ALTER TABLE "BIONIC"."PRODUCT" MODIFY ("DESCRIPTION" NOT NULL ENABLE);
  ALTER TABLE "BIONIC"."PRODUCT" MODIFY ("QUANTITY" NOT NULL ENABLE);
  ALTER TABLE "BIONIC"."PRODUCT" ADD PRIMARY KEY ("PRODUCT_ID")
  USING INDEX PCTFREE 10 INITRANS 2 MAXTRANS 255 COMPUTE STATISTICS 
  STORAGE(INITIAL 65536 NEXT 1048576 MINEXTENTS 1 MAXEXTENTS 2147483645
  PCTINCREASE 0 FREELISTS 1 FREELIST GROUPS 1
  BUFFER_POOL DEFAULT FLASH_CACHE DEFAULT CELL_FLASH_CACHE DEFAULT)
  TABLESPACE "USERS"  ENABLE;
  ALTER TABLE "BIONIC"."PRODUCT" ADD CONSTRAINT "CHECK_PRODUCT_PRICE" CHECK (product_price>0) ENABLE;
  ALTER TABLE "BIONIC"."PRODUCT" ADD CONSTRAINT "CHECK_PRODUCT_QUANTITY" CHECK (quantity>0) ENABLE;
--------------------------------------------------------
--  Ref Constraints for Table CUSTOMER
--------------------------------------------------------

  ALTER TABLE "BIONIC"."CUSTOMER" ADD FOREIGN KEY ("AREA")
	  REFERENCES "BIONIC"."AREA" ("AREA") ENABLE;
--------------------------------------------------------
--  Ref Constraints for Table CUSTOMER_ORDER
--------------------------------------------------------

  ALTER TABLE "BIONIC"."CUSTOMER_ORDER" ADD FOREIGN KEY ("CUSTOMER_ID")
	  REFERENCES "BIONIC"."CUSTOMER" ("CUSTOMER_ID") ENABLE;
--------------------------------------------------------
--  Ref Constraints for Table CUSTOMER_ORDER_PRODUCT
--------------------------------------------------------

  ALTER TABLE "BIONIC"."CUSTOMER_ORDER_PRODUCT" ADD FOREIGN KEY ("CUSTOMER_ORDER_ID")
	  REFERENCES "BIONIC"."CUSTOMER_ORDER" ("CUSTOMER_ORDER_ID") ENABLE;
  ALTER TABLE "BIONIC"."CUSTOMER_ORDER_PRODUCT" ADD FOREIGN KEY ("PRODUCT_ID")
	  REFERENCES "BIONIC"."PRODUCT" ("PRODUCT_ID") ENABLE;
--------------------------------------------------------
--  Ref Constraints for Table CUSTOMER_PAYMENT
--------------------------------------------------------

  ALTER TABLE "BIONIC"."CUSTOMER_PAYMENT" ADD FOREIGN KEY ("CUSTOMER_ID")
	  REFERENCES "BIONIC"."CUSTOMER" ("CUSTOMER_ID") ENABLE;
  ALTER TABLE "BIONIC"."CUSTOMER_PAYMENT" ADD FOREIGN KEY ("WORKER_ID")
	  REFERENCES "BIONIC"."WORKER" ("WORKER_ID") ENABLE;
  ALTER TABLE "BIONIC"."CUSTOMER_PAYMENT" ADD FOREIGN KEY ("SERVICE_ID")
	  REFERENCES "BIONIC"."SERVICE" ("SERVICE_ID") ENABLE;
  ALTER TABLE "BIONIC"."CUSTOMER_PAYMENT" ADD FOREIGN KEY ("CUSTOMER_ORDER_ID")
	  REFERENCES "BIONIC"."CUSTOMER_ORDER" ("CUSTOMER_ORDER_ID") ENABLE;
--------------------------------------------------------
--  Ref Constraints for Table POSITION
--------------------------------------------------------

  ALTER TABLE "BIONIC"."POSITION" ADD FOREIGN KEY ("WORKER_ID")
	  REFERENCES "BIONIC"."WORKER" ("WORKER_ID") ENABLE;
--------------------------------------------------------
--  Ref Constraints for Table RECEIPT
--------------------------------------------------------

  ALTER TABLE "BIONIC"."RECEIPT" ADD FOREIGN KEY ("CUSTOMER_PAYMENT_ID")
	  REFERENCES "BIONIC"."CUSTOMER_PAYMENT" ("CUSTOMER_PAYMENT_ID") ENABLE;
--------------------------------------------------------
--  Ref Constraints for Table SERVICE
--------------------------------------------------------

  ALTER TABLE "BIONIC"."SERVICE" ADD CONSTRAINT "FK_CUSTOMERSERVICE" FOREIGN KEY ("CUSTOMER_ID")
	  REFERENCES "BIONIC"."CUSTOMER" ("CUSTOMER_ID") ENABLE;
  ALTER TABLE "BIONIC"."SERVICE" ADD CONSTRAINT "FK_WORKERSERVICE" FOREIGN KEY ("WORKER_ID")
	  REFERENCES "BIONIC"."WORKER" ("WORKER_ID") ENABLE;
--------------------------------------------------------
--  Ref Constraints for Table SUPPLIER
--------------------------------------------------------

  ALTER TABLE "BIONIC"."SUPPLIER" ADD FOREIGN KEY ("AREA")
	  REFERENCES "BIONIC"."AREA" ("AREA") ENABLE;
  ALTER TABLE "BIONIC"."SUPPLIER" ADD FOREIGN KEY ("SUPPLY_ID", "SUPPLIER_ID")
	  REFERENCES "BIONIC"."SUPPLY_SUPPLIER_SPECIFICATION" ("SUPPLY_ID", "SUPPLIER_ID") ENABLE;
--------------------------------------------------------
--  Ref Constraints for Table SUPPLY_SUPPLIER_PRODUCT
--------------------------------------------------------

  ALTER TABLE "BIONIC"."SUPPLY_SUPPLIER_PRODUCT" ADD FOREIGN KEY ("SUPPLY_ID", "SUPPLIER_ID")
	  REFERENCES "BIONIC"."SUPPLY_SUPPLIER_SPECIFICATION" ("SUPPLY_ID", "SUPPLIER_ID") ENABLE;
  ALTER TABLE "BIONIC"."SUPPLY_SUPPLIER_PRODUCT" ADD FOREIGN KEY ("PRODUCT_ID")
	  REFERENCES "BIONIC"."PRODUCT" ("PRODUCT_ID") ENABLE;
--------------------------------------------------------
--  Ref Constraints for Table WARRANTY
--------------------------------------------------------

  ALTER TABLE "BIONIC"."WARRANTY" ADD FOREIGN KEY ("PRODUCT_ID")
	  REFERENCES "BIONIC"."PRODUCT" ("PRODUCT_ID") ENABLE;
--------------------------------------------------------
--  Ref Constraints for Table WORKER
--------------------------------------------------------

  ALTER TABLE "BIONIC"."WORKER" ADD FOREIGN KEY ("AREA")
	  REFERENCES "BIONIC"."AREA" ("AREA") ENABLE;
